<?xml version="1.0" encoding="UTF-8"?>

<beans xmlns="http://www.springframework.org/schema/beans"
	xmlns:context="http://www.springframework.org/schema/context"
	xmlns:xsi="http://www.w3.org/2001/XMLSchema-instance"
	xsi:schemaLocation="http://www.springframework.org/schema/beans
       http://www.springframework.org/schema/beans/spring-beans.xsd
       http://www.springframework.org/schema/context
       http://www.springframework.org/schema/context/spring-context.xsd">

	<context:annotation-config />

	<bean class="net.madvirus.spring4.chap03.MyExtension" />
	
	<bean class="net.madvirus.spring4.chap03.ConnPool1" />
	<bean class="net.madvirus.spring4.chap03.ConnPool2" />
	<bean class="net.madvirus.spring4.chap03.ConnPool3"
		init-method="init" destroy-method="destroy" />

	<bean id="myBean" class="net.madvirus.spring4.chap03.MyBean"
		init-method="customInit" destroy-method="customDestroy">
		<property name="property1" value="값1" />
	</bean>
</beans>

