<?xml version="1.0" encoding="UTF-8"?>

<beans xmlns="http://www.springframework.org/schema/beans"
	xmlns:mvc="http://www.springframework.org/schema/mvc" xmlns:websocket="http://www.springframework.org/schema/websocket"
	xmlns:xsi="http://www.w3.org/2001/XMLSchema-instance"
	xsi:schemaLocation="http://www.springframework.org/schema/beans
       http://www.springframework.org/schema/beans/spring-beans.xsd
       http://www.springframework.org/schema/mvc
       http://www.springframework.org/schema/mvc/spring-mvc.xsd
       http://www.springframework.org/schema/websocket
       http://www.springframework.org/schema/websocket/spring-websocket.xsd">

	<websocket:handlers>
		<websocket:mapping handler="echoHandler" path="/echo-ws" />
		<websocket:mapping handler="chatHandler" path="/chat-ws" />
	</websocket:handlers>

	<bean id="echoHandler" class="net.madvirus.spring4.chap09.ws.EchoHandler" />
	<bean id="chatHandler" class="net.madvirus.spring4.chap09.ws.ChatWebSocketHandler" />

	<websocket:handlers>
		<websocket:mapping handler="echoHandler" path="/echo.sockjs" />
		<websocket:mapping handler="chatHandler" path="/chat.sockjs" />
		<websocket:sockjs />
	</websocket:handlers>
	
	<mvc:default-servlet-handler />
	
<!-- 	<bean -->
<!-- 		class="org.springframework.web.servlet.view.InternalResourceViewResolver"> -->
<!-- 		<property name="prefix" value="/WEB-INF/view/" /> -->
<!-- 		<property name="suffix" value=".jsp" /> -->
<!-- 	</bean> -->

</beans>
