<?xml version="1.0" encoding="UTF-8"?>

<beans xmlns="http://www.springframework.org/schema/beans"
	xmlns:context="http://www.springframework.org/schema/context" xmlns:tx="http://www.springframework.org/schema/tx"
	xmlns:xsi="http://www.w3.org/2001/XMLSchema-instance"
	xsi:schemaLocation="http://www.springframework.org/schema/beans   
       http://www.springframework.org/schema/beans/spring-beans.xsd
       http://www.springframework.org/schema/context
       http://www.springframework.org/schema/context/spring-context.xsd
       http://www.springframework.org/schema/tx
       http://www.springframework.org/schema/tx/spring-tx.xsd">

	<context:annotation-config />

	<tx:annotation-driven />

	<!-- Transaction Essentials를 이용한 JtaTransactionManager 설정 -->
	<bean id="userTransactionService" class="com.atomikos.icatch.config.UserTransactionServiceImp"
		init-method="init" destroy-method="shutdownForce">
		<constructor-arg>
			<!-- 여기에 Atomikos 프로퍼티 위치 -->
			<props>
				<prop key="com.atomikos.icatch.service">
					com.atomikos.icatch.standalone.UserTransactionServiceFactory
				</prop>
			</props>
		</constructor-arg>
	</bean>

	<bean id="atomikosTransactionManager" class="com.atomikos.icatch.jta.UserTransactionManager"
		init-method="init" destroy-method="close">
		<property name="startupTransactionService" value="false" />
		<property name="forceShutdown" value="true" />
	</bean>

	<bean id="atomikosUserTransaction" class="com.atomikos.icatch.jta.UserTransactionImp">
		<property name="transactionTimeout" value="300" />
	</bean>

	<bean id="transactionManager"
		class="org.springframework.transaction.jta.JtaTransactionManager">
		<property name="transactionManager">
			<ref bean="atomikosTransactionManager" />
		</property>
		<property name="userTransaction">
			<ref bean="atomikosUserTransaction" />
		</property>
	</bean>

	<!-- XA를 위한 DataSource 설정 -->
	<bean id="shopDataSource" class="com.atomikos.jdbc.AtomikosDataSourceBean">
		<property name="uniqueResourceName" value="shopXaDs" />
		<property name="minPoolSize" value="2" />
		<property name="maxPoolSize" value="10" />
		<property name="xaDataSourceClassName"
			value="com.mysql.jdbc.jdbc2.optional.MysqlXADataSource" />
		<property name="xaProperties">
			<props>
				<prop key="user">spring4</prop>
				<prop key="password">spring4</prop>
				<prop key="url">jdbc:mysql://localhost/shop?characterEncoding=utf8</prop>
				<prop key="pinGlobalTxToPhysicalConnection">true</prop>
			</props>
		</property>
	</bean>

	<bean id="payDataSource" class="com.atomikos.jdbc.AtomikosDataSourceBean">
		<property name="uniqueResourceName" value="payXaDs" />
		<property name="minPoolSize" value="2" />
		<property name="maxPoolSize" value="10" />
		<property name="xaDataSourceClassName"
			value="com.mysql.jdbc.jdbc2.optional.MysqlXADataSource" />
		<property name="xaProperties">
			<props>
				<prop key="user">spring4</prop>
				<prop key="password">spring4</prop>
				<prop key="url">jdbc:mysql://localhost/shop?characterEncoding=utf8</prop>
				<prop key="pinGlobalTxToPhysicalConnection">true</prop>
			</props>
		</property>
	</bean>

	<bean
		class="org.springframework.dao.annotation.PersistenceExceptionTranslationPostProcessor" />

	<bean id="jpaVendorAdapter"
		class="org.springframework.orm.jpa.vendor.HibernateJpaVendorAdapter">
		<property name="database" value="MYSQL" />
		<property name="showSql" value="true" />
	</bean>

	<bean id="shopEntityManagerFactory"
		class="org.springframework.orm.jpa.LocalContainerEntityManagerFactoryBean">
		<property name="persistenceXmlLocation" value="/META-INF/conf-4-jta1.xml" />
		<property name="persistenceUnitName" value="shop" />
		<property name="jtaDataSource" ref="shopDataSource" />
		<property name="jpaVendorAdapter" ref="jpaVendorAdapter" />
		<property name="jpaProperties">
			<props>
				<prop key="hibernate.transaction.jta.platform">
					net.madvirus.spring4.chap13.atomikos.AtomikosJtaPlatform
				</prop>
			</props>
		</property>
	</bean>

	<bean id="payEntityManagerFactory"
		class="org.springframework.orm.jpa.LocalContainerEntityManagerFactoryBean">
		<property name="persistenceXmlLocation" value="/META-INF/conf-4-jta2.xml" />
		<property name="persistenceUnitName" value="pay" />
		<property name="jtaDataSource" ref="payDataSource" />
		<property name="jpaVendorAdapter" ref="jpaVendorAdapter" />
		<property name="jpaProperties">
			<value>
				hibernate.transaction.jta.platform=net.madvirus.spring4.chap13.atomikos.AtomikosJtaPlatform
			</value>
		</property>
	</bean>

	<bean id="placeOrderService"
		class="net.madvirus.spring4.chap13.store.service.PlaceOrderServiceImpl">
		<property name="itemRepository" ref="itemRepository" />
		<property name="paymentInfoRepository" ref="paymentInfoRepository" />
		<property name="purchaseOrderRepository" ref="purchaseOrderRepository" />
	</bean>

	<bean id="itemRepository"
		class="net.madvirus.spring4.chap13.store.persistence.JpaItemRepository">
		<property name="entityManagerFactory" ref="shopEntityManagerFactory" />
	</bean>

	<bean id="paymentInfoRepository"
		class="net.madvirus.spring4.chap13.store.persistence.JpaPaymentInfoRepository">
	</bean>

	<bean id="purchaseOrderRepository"
		class="net.madvirus.spring4.chap13.store.persistence.JpaPurchaseOrderRepository">
	</bean>

</beans>