<?xml version="1.0" encoding="UTF-8"?>

<beans xmlns="http://www.springframework.org/schema/beans"
	xmlns:tx="http://www.springframework.org/schema/tx" xmlns:xsi="http://www.w3.org/2001/XMLSchema-instance"
	xsi:schemaLocation="http://www.springframework.org/schema/beans   
       http://www.springframework.org/schema/beans/spring-beans.xsd
       http://www.springframework.org/schema/tx
       http://www.springframework.org/schema/tx/spring-tx.xsd">

	<tx:annotation-driven />

	<bean
		class="org.springframework.dao.annotation.PersistenceExceptionTranslationPostProcessor" />

	<bean id="transactionManager"
		class="org.springframework.jdbc.datasource.DataSourceTransactionManager">
		<property name="dataSource" ref="dataSource" />
	</bean>

	<bean id="dataSource" class="com.mchange.v2.c3p0.ComboPooledDataSource"
		destroy-method="close">
		<property name="driverClass" value="com.mysql.jdbc.Driver" />
		<property name="jdbcUrl"
			value="jdbc:mysql://localhost/shop?characterEncoding=utf8" />
		<property name="user" value="spring4" />
		<property name="password" value="spring4" />
	</bean>

	<bean id="sqlSessionFactory" class="org.mybatis.spring.SqlSessionFactoryBean">
		<property name="dataSource" ref="dataSource" />
		<property name="mapperLocations">
			<list>
				<value>classpath:/mybatis/itemdao.xml</value>
				<value>classpath:/mybatis/purchaseorderdao.xml</value>
			</list>
		</property>
		<property name="typeAliasesPackage" value="net.madvirus.spring4.chap13.store.model" />
<!-- 		<property name="typeAliases"> -->
<!-- 			<list> -->
<!-- 				<value>net.madvirus.spring4.chap13.store.model.PurchaseOrder</value> -->
<!-- 			</list> -->
<!-- 		</property> -->
	</bean>

	<bean id="sqlSessionTemplate" class="org.mybatis.spring.SqlSessionTemplate">
		<constructor-arg ref="sqlSessionFactory" />
	</bean>

	<bean id="itemDao"
		class="net.madvirus.spring4.chap13.store.dao.MyBatisItemDao">
		<property name="sqlSession" ref="sqlSessionTemplate" />
	</bean>

	<bean id="itemDao2"
		class="net.madvirus.spring4.chap13.store.dao.MyBatisItemDao2">
		<property name="sqlSessionTemplate" ref="sqlSessionTemplate" />
	</bean>

	<bean id="purchaseOrderDao" class="org.mybatis.spring.mapper.MapperFactoryBean">
		<property name="mapperInterface"
			value="net.madvirus.spring4.chap13.store.dao.PurchaseOrderDao" />
		<property name="sqlSessionFactory" ref="sqlSessionFactory" />
	</bean>

	<bean id="paymentInfoDao" class="org.mybatis.spring.mapper.MapperFactoryBean">
		<property name="mapperInterface"
			value="net.madvirus.spring4.chap13.store.dao.PaymentInfoDao" />
		<property name="sqlSessionFactory" ref="sqlSessionFactory" />
	</bean>

	<bean id="placeOrderService"
		class="net.madvirus.spring4.chap13.store.service.PlaceOrderServiceImpl">
		<property name="itemDao" ref="itemDao2" />
		<property name="purchaseOrderDao" ref="purchaseOrderDao" />
		<property name="paymentInfoDao" ref="paymentInfoDao" />
	</bean>
</beans>

