<?xml version="1.0" encoding="UTF-8"?>

<beans xmlns="http://www.springframework.org/schema/beans"
	xmlns:context="http://www.springframework.org/schema/context"
	xmlns:xsi="http://www.w3.org/2001/XMLSchema-instance"
	xsi:schemaLocation="http://www.springframework.org/schema/beans
       http://www.springframework.org/schema/beans/spring-beans.xsd
       http://www.springframework.org/schema/context
       http://www.springframework.org/schema/context/spring-context.xsd">

	<context:property-placeholder location="classpath:/db.properties, classpath:/app.properties" />

	<bean id="connProvider" class="net.madvirus.spring4.chap04.JdbcConnectionProvider"
		init-method="init">
		<property name="driver" value="${db.driver}" />
		<property name="url" value="${db.jdbcUrl}" />
		<property name="user" value="${db.user}" />
		<property name="password">
			<value>${db.password}</value>
		</property>
	</bean>

</beans>

