<?xml version="1.0" encoding="UTF-8"?>

<beans xmlns="http://www.springframework.org/schema/beans"
	xmlns:xsi="http://www.w3.org/2001/XMLSchema-instance"
	xsi:schemaLocation="http://www.springframework.org/schema/beans
       http://www.springframework.org/schema/beans/spring-beans.xsd">

	<bean id="conversionService"
		class="org.springframework.format.support.FormattingConversionServiceFactoryBean">
		<property name="formatters">
			<set>
				<bean class="net.madvirus.spring4.chap05.MoneyFormatter" />
			</set>
		</property>
	</bean>

	<bean class="net.madvirus.spring4.chap05.RestClient">
		<property name="serverUrl"
			value="https://www.googleapis.com/language/translate/v2" />
		<property name="apiDate" value="2010-03-01 09:30:00" />
	</bean>

	<bean class="net.madvirus.spring4.chap05.InvestmentSimulator">
		<property name="minimumAmount" value="10000WON" />
	</bean>
</beans>
