<?xml version="1.0" encoding="UTF-8"?>

<beans xmlns="http://www.springframework.org/schema/beans"
	xmlns:xsi="http://www.w3.org/2001/XMLSchema-instance"
	xsi:schemaLocation="http://www.springframework.org/schema/beans
       http://www.springframework.org/schema/beans/spring-beans.xsd">

	<bean class="net.madvirus.spring4.chap05.CacheStockReaderBeanPostProcessor">
		<property name="order" value="1" />
	</bean>

	<bean class="net.madvirus.spring4.chap05.TraceBeanPostProcessor">
<!-- 		<property name="order" value="2" /> -->
	</bean>

	<bean id="stockReader" class="net.madvirus.spring4.chap05.StockReaderImpl">
	</bean>

</beans>
