<?xml version="1.0" encoding="UTF-8"?>

<beans xmlns="http://www.springframework.org/schema/beans"
	xmlns:context="http://www.springframework.org/schema/context"
	xmlns:xsi="http://www.w3.org/2001/XMLSchema-instance"
	xsi:schemaLocation="http://www.springframework.org/schema/beans
       http://www.springframework.org/schema/beans/spring-beans.xsd
       http://www.springframework.org/schema/context
       http://www.springframework.org/schema/context/spring-context.xsd">

	<context:annotation-config />

	<bean class="net.madvirus.spring4.chap02.conf.ConfigSensor" />

	<bean id="user1" class="net.madvirus.spring4.chap02.User">
		<constructor-arg value="bkchoi" />
		<constructor-arg value="1234" />
	</bean>

	<bean id="user2" class="net.madvirus.spring4.chap02.User">
		<constructor-arg value="madvirus" />
		<constructor-arg value="qwer" />
	</bean>

	<bean id="userRepository" class="net.madvirus.spring4.chap02.UserRepository">
		<property name="users">
			<list>
				<ref bean="user1" />
				<ref bean="user2" />
			</list>
		</property>
	</bean>

	<bean id="pwChangeSvc" class="net.madvirus.spring4.chap02.PasswordChangeService">
		<constructor-arg>
			<ref bean="userRepository" />
		</constructor-arg>
	</bean>

	<bean id="authFailLogger" class="net.madvirus.spring4.chap02.AuthFailLogger">
		<property name="threshold" value="2" />
	</bean>

	<bean id="authenticationService" class="net.madvirus.spring4.chap02.AuthenticationService">
		<property name="failLogger" ref="authFailLogger" />
		<property name="userRepository" ref="userRepository" />
	</bean>
</beans>

