<?xml version="1.0" encoding="UTF-8"?>

<beans xmlns="http://www.springframework.org/schema/beans"
	xmlns:p="http://www.springframework.org/schema/p" xmlns:xsi="http://www.w3.org/2001/XMLSchema-instance"
	xsi:schemaLocation="http://www.springframework.org/schema/beans   
       http://www.springframework.org/schema/beans/spring-beans.xsd">

	<bean id="transactionManager"
		class="org.springframework.jdbc.datasource.DataSourceTransactionManager">
		<property name="dataSource" ref="dataSource" />
	</bean>

	<!-- TransactionTemplate을 이용한 트랜잭션 구현 -->
	<bean id="transactionTemplate"
		class="org.springframework.transaction.support.TransactionTemplate">
		<property name="transactionManager" ref="transactionManager" />
	</bean>

	<bean id="placeOrderService"
		class="net.madvirus.spring4.chap12.store.service.PlaceOrderServiceTxTemplateImpl">
		<property name="itemDao" ref="itemDao" />
		<property name="paymentInfoDao" ref="paymentInfoDao" />
		<property name="purchaseOrderDao" ref="purchaseOrderDao" />
		<property name="transactionTemplate" ref="transactionTemplate" />
	</bean>

	<bean id="itemDao" class="net.madvirus.spring4.chap12.store.dao.jdbc.JdbcItemDao">
		<constructor-arg>
			<ref bean="dataSource" />
		</constructor-arg>
	</bean>

	<bean id="paymentInfoDao"
		class="net.madvirus.spring4.chap12.store.dao.jdbc.JdbcPaymentInfoDao">
		<constructor-arg>
			<ref bean="dataSource" />
		</constructor-arg>
	</bean>

	<bean id="purchaseOrderDao"
		class="net.madvirus.spring4.chap12.store.dao.jdbc.JdbcPurchaseOrderDao">
		<constructor-arg>
			<ref bean="dataSource" />
		</constructor-arg>
	</bean>

</beans>