<?xml version="1.0" encoding="UTF-8"?>

<beans xmlns="http://www.springframework.org/schema/beans"
	xmlns:aop="http://www.springframework.org/schema/aop" xmlns:tx="http://www.springframework.org/schema/tx"
	xmlns:xsi="http://www.w3.org/2001/XMLSchema-instance"
	xsi:schemaLocation="http://www.springframework.org/schema/beans   
       http://www.springframework.org/schema/beans/spring-beans.xsd
       http://www.springframework.org/schema/aop
       http://www.springframework.org/schema/aop/spring-aop.xsd
       http://www.springframework.org/schema/tx
       http://www.springframework.org/schema/tx/spring-tx.xsd">

	<bean id="transactionManager"
		class="org.springframework.jdbc.datasource.DataSourceTransactionManager">
		<property name="dataSource" ref="dataSource" />
	</bean>

	<tx:advice id="txAdvice" transaction-manager="transactionManager">
		<tx:attributes>
			<tx:method name="order" propagation="REQUIRED" />
			<tx:method name="get*" read-only="true" />
		</tx:attributes>
	</tx:advice>

	<aop:config>
		<aop:pointcut id="servicePublicMethod"
			expression="execution(public * net.madvirus.spring4..*Service.*(..))" />
		<aop:advisor advice-ref="txAdvice" pointcut-ref="servicePublicMethod" />
	</aop:config>

	<bean id="placeOrderService"
		class="net.madvirus.spring4.chap12.store.service.PlaceOrderServiceImpl">
		<property name="itemDao" ref="itemDao" />
		<property name="paymentInfoDao" ref="paymentInfoDao" />
		<property name="purchaseOrderDao" ref="purchaseOrderDao" />
	</bean>

	<bean id="itemDao" class="net.madvirus.spring4.chap12.store.dao.jdbc.JdbcItemDao">
		<constructor-arg>
			<ref bean="dataSource" />
		</constructor-arg>
	</bean>

	<bean id="paymentInfoDao"
		class="net.madvirus.spring4.chap12.store.dao.jdbc.JdbcPaymentInfoDao">
		<constructor-arg>
			<ref bean="dataSource" />
		</constructor-arg>
	</bean>

	<bean id="purchaseOrderDao"
		class="net.madvirus.spring4.chap12.store.dao.jdbc.JdbcPurchaseOrderDao">
		<constructor-arg>
			<ref bean="dataSource" />
		</constructor-arg>
	</bean>

</beans>